target,method,n,n_correct,auc,auc_lo,auc_hi,auc_valid_bootstraps,pcc_continuous,pcc_continuous_lo,pcc_continuous_hi,pcc_continuous_valid_bootstraps,pcc_binary,pcc_binary_lo,pcc_binary_hi,pcc_binary_valid_bootstraps,hide_minus_baseline_auc,hide_minus_baseline_auc_lo,hide_minus_baseline_auc_hi,hide_minus_baseline_auc_valid_bootstraps,pcc_with_hide,pcc_with_hide_lo,pcc_with_hide_hi,pcc_with_hide_valid_bootstraps,model,dataset
sentence_similarity,HIDE_score,1449,992,0.5104137255593986,0.47972826048859607,0.5422479561576989,2000,0.04894715862290099,-0.0017199226988225329,0.09728782200659412,2000,0.03646810136739453,-0.013688822908748453,0.0869365216832965,2000,0.0,0.0,0.0,2000,1.0,0.9999999999999999,1.0000000000000002,2000,gemma-2-9b,SQuAD
sentence_similarity,Omega,1449,992,0.481700430578104,0.44886404322200407,0.5140587172114784,2000,-0.07472626066263441,-0.1327677995485114,-0.017560745854408637,2000,-0.018886398453982985,-0.07207084555353013,0.033522561254682476,2000,0.028713294981294546,-0.005356684538912478,0.06163183546329472,2000,0.3979903041128594,0.3546438588611593,0.4412609759669138,2000,gemma-2-9b,SQuAD
sentence_similarity,Delta_in,1449,992,0.5008702001129385,0.46935216063175217,0.5344539012314633,2000,0.0006920740031868466,-0.060623410652003294,0.05967167172063065,2000,0.004252276851625065,-0.04801320635670616,0.05820855075714487,2000,0.009543525446460088,-0.03446975918885356,0.054451041573386545,2000,0.03417915239869891,-0.017708156183624514,0.08438551269912792,2000,gemma-2-9b,SQuAD
sentence_similarity,negative_Delta_in,1449,992,0.49912979988706146,0.46554609876853675,0.5306478393682479,2000,-0.0006920740031868466,-0.05967167172063066,0.06062341065200329,2000,-0.004252276851625065,-0.05820855075714495,0.04801320635670616,2000,0.011283925672337103,-0.03371075586294685,0.05757917461257371,2000,-0.03417915239869891,-0.08438551269912793,0.017708156183624507,2000,gemma-2-9b,SQuAD
sentence_similarity,negative_mnll,1449,992,0.6727474059433896,0.6419860600119539,0.7038736296795605,2000,0.30704900781662475,0.24598053203818968,0.3658911149249348,2000,0.30826044617734355,0.25781255347443455,0.35846209273320445,2000,-0.16233368038399099,-0.21039152731944732,-0.11430126684668454,2000,-0.24759220270835322,-0.2991610191044779,-0.19711012325427427,2000,gemma-2-9b,SQuAD
sentence_similarity,negative_energy,1449,992,0.3564401425848804,0.32374696894253546,0.3884655691858109,2000,-0.16000295742469148,-0.2117893291457163,-0.10618129784485385,2000,-0.16636538749381521,-0.2181711879920296,-0.11705932746512755,2000,0.15397358297451819,0.1125420353665818,0.19478401991271502,2000,0.2415217123681555,0.189702388447159,0.2909377453026972,2000,gemma-2-9b,SQuAD
sentence_similarity,constant_kernel_control,1449,992,0.5256317498411802,0.49581445052134226,0.5556290134552512,2000,0.05079641791954134,-0.0015989376153521379,0.10135061081319778,2000,0.04017761281421761,-0.01149735106709545,0.09082644868602831,2000,-0.01521802428178165,-0.029635859681826214,-0.0005117929641510099,2000,0.9591957694085322,0.9502211906990419,0.9682511380149307,2000,gemma-2-9b,SQuAD
sentence_similarity,negative_output_length,1449,992,0.49207224535893274,0.4619519941894134,0.5218817826481084,2000,-0.03733562339812852,-0.08930105085531752,0.014395739374651616,2000,-0.01914303997934228,-0.06923545270728063,0.02997149044155699,2000,0.01834148020046583,0.0012727908213784208,0.036056133085323856,2000,0.87598245752876,0.8597488222610751,0.8913876049241755,2000,gemma-2-9b,SQuAD
rouge_l,HIDE_score,1449,1135,0.5506944639299644,0.5139956118045933,0.585099829626892,2000,0.08665259069604724,0.033823480370310036,0.13702054338393582,2000,0.09810859640641685,0.04633402259681621,0.14825832254226773,2000,0.0,0.0,0.0,2000,1.0,0.9999999999999999,1.0000000000000002,2000,gemma-2-9b,SQuAD
rouge_l,Omega,1449,1135,0.5084822806476051,0.471863924008549,0.5466286171295622,2000,0.000704367904698042,-0.057676389601464,0.059172533081270455,2000,0.027417038618303642,-0.028778371409276166,0.0849032053901284,2000,0.042212183282359206,0.0011606806362587522,0.08170982851867703,2000,0.3979903041128594,0.3546438588611593,0.4412609759669138,2000,gemma-2-9b,SQuAD
rouge_l,Delta_in,1449,1135,0.48240831673167034,0.4458659443544487,0.5184105742655796,2000,-0.0306567352632945,-0.08648483815178339,0.025714734540939418,2000,-0.020909735477184298,-0.07393088691122167,0.031859488391839004,2000,0.06828614719829401,0.018194692239594752,0.11804521908849058,2000,0.03417915239869891,-0.017708156183624514,0.08438551269912792,2000,gemma-2-9b,SQuAD
rouge_l,negative_Delta_in,1449,1135,0.5175916832683296,0.4815894257344204,0.5541340556455512,2000,0.0306567352632945,-0.025714734540939425,0.08648483815178332,2000,0.020909735477184298,-0.03185948839183904,0.07393088691122167,2000,0.033102780661634745,-0.022192656287118178,0.08289895599790631,2000,-0.03417915239869891,-0.08438551269912793,0.017708156183624507,2000,gemma-2-9b,SQuAD
rouge_l,negative_mnll,1449,1135,0.7142568534470665,0.6804649541848248,0.7476982367026828,2000,0.4183768852413462,0.3678660066212992,0.4668572577627835,2000,0.3473144760175282,0.2944537551567091,0.3997036742567446,2000,-0.1635623895171021,-0.21616297549813476,-0.11029475766385553,2000,-0.24759220270835322,-0.2991610191044779,-0.19711012325427427,2000,gemma-2-9b,SQuAD
rouge_l,negative_energy,1449,1135,0.33802856421336175,0.29983077429517024,0.37522479906604145,2000,-0.19640769797411353,-0.24663826345454873,-0.14535134196291405,2000,-0.15523057371624974,-0.20554235466655987,-0.10312337398342618,2000,0.2126658997166026,0.1650361905268819,0.2612536695673274,2000,0.2415217123681555,0.189702388447159,0.2909377453026972,2000,gemma-2-9b,SQuAD
rouge_l,constant_kernel_control,1449,1135,0.5719632986335195,0.538535975463524,0.6042478441704939,2000,0.08956457717546874,0.03729362552034172,0.13991536434260865,2000,0.10319126308524304,0.052339838873246426,0.15322393092443987,2000,-0.021268834703555117,-0.03802513349857243,-0.005302824013978047,2000,0.9591957694085322,0.9502211906990419,0.9682511380149307,2000,gemma-2-9b,SQuAD
rouge_l,negative_output_length,1449,1135,0.5303978787283594,0.49735804348462215,0.5636738277331461,2000,0.026589308709645782,-0.02361467233972974,0.0772410048684734,2000,0.03334072689909945,-0.015583711652904324,0.08153962690127609,2000,0.020296585201604933,-4.883669403554764e-05,0.04009711978727515,2000,0.87598245752876,0.8597488222610751,0.8913876049241755,2000,gemma-2-9b,SQuAD
exact_match,HIDE_score,1449,871,0.519944859148495,0.48972531819909687,0.5503506410626815,2000,0.055838144677600954,0.004357612148159638,0.10621390019537859,2000,0.055838144677600954,0.004357612148159638,0.10621390019537859,2000,0.0,0.0,0.0,2000,1.0,0.9999999999999999,1.0000000000000002,2000,gemma-2-9b,SQuAD
exact_match,Omega,1449,871,0.4949447598313993,0.46423192523243184,0.524407049172967,2000,-0.0006497449986844061,-0.05395326061293519,0.049555906169902846,2000,-0.0006497449986844061,-0.05395326061293519,0.049555906169902846,2000,0.02500009931709568,-0.00813090789806499,0.05748795561276471,2000,0.3979903041128594,0.3546438588611593,0.4412609759669138,2000,gemma-2-9b,SQuAD
exact_match,Delta_in,1449,871,0.50194264239092,0.4704202535639567,0.5350299268805915,2000,0.006781251271787672,-0.044869872991176715,0.05891669976051861,2000,0.006781251271787672,-0.044869872991176715,0.05891669976051861,2000,0.018002216757574963,-0.024816249208610395,0.060466325648852494,2000,0.03417915239869891,-0.017708156183624514,0.08438551269912792,2000,gemma-2-9b,SQuAD
exact_match,negative_Delta_in,1449,871,0.49805735760908,0.4649700731194086,0.5295797464360433,2000,-0.006781251271787672,-0.058916699760518616,0.044869872991176715,2000,-0.006781251271787672,-0.058916699760518616,0.044869872991176715,2000,0.02188750153941499,-0.022661097979835877,0.06604433845623897,2000,-0.03417915239869891,-0.08438551269912793,0.017708156183624507,2000,gemma-2-9b,SQuAD
exact_match,negative_mnll,1449,871,0.6881502786837704,0.6603926936640294,0.7170049395840085,2000,0.3280385782852213,0.2801892467048277,0.37448036154592407,2000,0.3280385782852213,0.2801892467048277,0.37448036154592407,2000,-0.16820541953527546,-0.21275032124045673,-0.12360328098183274,2000,-0.24759220270835322,-0.2991610191044779,-0.19711012325427427,2000,gemma-2-9b,SQuAD
exact_match,negative_energy,1449,871,0.3449560819803034,0.3167805242862968,0.37519142452483917,2000,-0.20361525122353735,-0.25133531883875787,-0.15288965122826703,2000,-0.20361525122353735,-0.25133531883875787,-0.15288965122826703,2000,0.17498877716819156,0.1368509980539586,0.21216323748468427,2000,0.2415217123681555,0.189702388447159,0.2909377453026972,2000,gemma-2-9b,SQuAD
exact_match,constant_kernel_control,1449,871,0.527367818877399,0.4993992957523492,0.5553879735456124,2000,0.05243537828878726,0.002179358742757048,0.10331900882246359,2000,0.05243537828878726,0.002179358742757048,0.10331900882246359,2000,-0.007422959728904055,-0.02109225815966263,0.006080826673365015,2000,0.9591957694085322,0.9502211906990419,0.9682511380149307,2000,gemma-2-9b,SQuAD
exact_match,negative_output_length,1449,871,0.5028722504062069,0.47410080742348737,0.5316437500698604,2000,0.010533756636556396,-0.041600213343748235,0.062321206066475475,2000,0.010533756636556396,-0.041600213343748235,0.062321206066475475,2000,0.01707260874228811,0.00040415543113933594,0.033949180912678165,2000,0.87598245752876,0.8597488222610751,0.8913876049241755,2000,gemma-2-9b,SQuAD
sentence_similarity,HIDE_score,123,15,0.5209876543209877,0.36094278968694854,0.6787407592839836,2000,0.2949486277349876,0.12854747875231975,0.4450529723867067,2000,0.07209539096176354,-0.11384627037534996,0.24678874625076433,2000,0.0,0.0,0.0,2000,0.9999999999999998,0.9999999999999998,1.0000000000000002,2000,gemma-2-9b,nq_open
sentence_similarity,Omega,123,15,0.2962962962962963,0.15727391874180865,0.4495469111720827,2000,-0.22872668870930096,-0.3718455455930753,-0.0694162665928237,2000,-0.253448807116671,-0.42899131403754037,-0.058385459867430066,2000,0.22469135802469142,0.08031655844155847,0.37228874883286617,2000,0.31933070727860297,0.16825846506181796,0.4668967645993693,2000,gemma-2-9b,nq_open
sentence_similarity,Delta_in,123,15,0.5740740740740741,0.40251630679262257,0.7354117990654204,2000,0.09034143321078641,-0.09724596916004236,0.25507394686494594,2000,0.1264571149422881,-0.08125388968936789,0.3132051073666194,2000,-0.05308641975308637,-0.21848981185394506,0.12581954925704922,2000,0.11090762669377466,-0.08274299369901188,0.2917549550043316,2000,gemma-2-9b,nq_open
sentence_similarity,negative_Delta_in,123,15,0.42592592592592593,0.2645882009345794,0.5974836932073773,2000,-0.09034143321078641,-0.25507394686494606,0.09724596916004231,2000,-0.1264571149422881,-0.31320510736661944,0.0812538896893677,2000,0.09506172839506177,-0.17762384811450227,0.3719372760859828,2000,-0.11090762669377466,-0.2917549550043316,0.08274299369901188,2000,gemma-2-9b,nq_open
sentence_similarity,negative_mnll,123,15,0.6728395061728395,0.5536427875243665,0.7817923322476416,2000,0.2699647986763404,0.1122066956893631,0.4160052093362442,2000,0.1950851950515908,0.08962366847753092,0.2951356414135774,2000,-0.1518518518518518,-0.3449971903096903,0.053158800393313305,2000,-0.07624017891283412,-0.22450711273426224,0.07170471537203,2000,gemma-2-9b,nq_open
sentence_similarity,negative_energy,123,15,0.42777777777777776,0.27697995192832947,0.5832264610389609,2000,-0.17551098481468513,-0.35743831981461255,0.018425110310375793,2000,-0.05910350310235211,-0.231465517652763,0.10254513883227402,2000,0.09320987654320995,-0.1566494616494617,0.34539081487231016,2000,-0.04370763638875512,-0.21260271771959294,0.12040741008838948,2000,gemma-2-9b,nq_open
sentence_similarity,constant_kernel_control,123,15,0.5691358024691358,0.4090310152810153,0.7222222222222222,2000,0.2988237230850992,0.13299612502965547,0.4482161360385041,2000,0.07550619954151394,-0.11086142698826319,0.2514083474143058,2000,-0.04814814814814805,-0.10586773868023866,0.007970513180690173,2000,0.9998858500129861,0.9998386115077424,0.9999234154523957,2000,gemma-2-9b,nq_open
sentence_similarity,negative_output_length,123,15,0.5496913580246914,0.41170713800300957,0.6716809582352345,2000,0.26243901154214644,0.08265269005700708,0.423179386758581,2000,0.07092690219919415,-0.11547852615980907,0.21638920796256642,2000,-0.028703703703703676,-0.12010642135642136,0.06099053123462858,2000,0.7618220761492192,0.6873412584239251,0.8215676507820816,2000,gemma-2-9b,nq_open
rouge_l,HIDE_score,123,22,0.5877587758775877,0.43349897489748973,0.726553880462038,2000,0.2070385956697683,0.029450790300556556,0.3663410562763539,2000,0.1731846415315756,-0.024042501024894358,0.3434142250336695,2000,0.0,0.0,0.0,2000,0.9999999999999998,0.9999999999999998,1.0000000000000002,2000,gemma-2-9b,nq_open
rouge_l,Omega,123,22,0.44554455445544555,0.2957649911816579,0.5936267366232421,2000,-0.16828044544691342,-0.34182022893627984,0.010102176683181523,2000,-0.13919859533781226,-0.3341164801810166,0.06859062013286998,2000,0.14221422142214218,0.02405916279448934,0.2641857638144766,2000,0.31933070727860297,0.16825846506181796,0.4668967645993693,2000,gemma-2-9b,nq_open
rouge_l,Delta_in,123,22,0.6539153915391539,0.5132011732229124,0.7878436584989983,2000,0.2614020472079948,0.05760812027213526,0.4186739365675692,2000,0.2556561133764086,0.05677731518815456,0.42360503948837835,2000,-0.06615661566156616,-0.21220488519032205,0.0827408574190751,2000,0.11090762669377466,-0.08274299369901188,0.2917549550043316,2000,gemma-2-9b,nq_open
rouge_l,negative_Delta_in,123,22,0.3460846084608461,0.2121563415010017,0.48679882677708747,2000,-0.2614020472079948,-0.41867393656756924,-0.05760812027213531,2000,-0.2556561133764086,-0.4236050394883784,-0.05677731518815466,2000,0.24167416741674164,-0.007997334455667795,0.47357942019400334,2000,-0.11090762669377466,-0.2917549550043316,0.08274299369901188,2000,gemma-2-9b,nq_open
rouge_l,negative_mnll,123,22,0.725022502250225,0.6121473245455387,0.8278637846072057,2000,0.35792475294491555,0.2322842390830694,0.4728938979974442,2000,0.2795962986116482,0.14686198450078986,0.399849821911191,2000,-0.13726372637263728,-0.31678691678691673,0.03391429603486658,2000,-0.07624017891283412,-0.22450711273426224,0.07170471537203,2000,gemma-2-9b,nq_open
rouge_l,negative_energy,123,22,0.3865886588658866,0.2717080810818951,0.5076210127996748,2000,-0.09968193193232477,-0.28172050297602674,0.05701428739382115,2000,-0.0705096427539738,-0.24404292523688534,0.07788372622008906,2000,0.20117011701170112,-0.0003550928708712789,0.39963585434173665,2000,-0.04370763638875512,-0.21260271771959294,0.12040741008838948,2000,gemma-2-9b,nq_open
rouge_l,constant_kernel_control,123,22,0.6397389738973898,0.49998786407766993,0.7650931134780143,2000,0.21090254887250884,0.033117654448860466,0.37148986373803783,2000,0.17733578067018171,-0.01822540336835362,0.34747685486605717,2000,-0.051980198019802026,-0.09854513205241362,0.0013942841287458163,2000,0.9998858500129861,0.9998386115077424,0.9999234154523957,2000,gemma-2-9b,nq_open
rouge_l,negative_output_length,123,22,0.5785328532853286,0.46428061224489797,0.6784507687204338,2000,0.16568814071141402,0.009976747868698125,0.29760318975393474,2000,0.11073250798617396,-0.06443183683404595,0.2583355400228335,2000,0.009225922592259184,-0.07779935275080906,0.09678202317569681,2000,0.7618220761492192,0.6873412584239251,0.8215676507820816,2000,gemma-2-9b,nq_open
exact_match,HIDE_score,123,10,0.6061946902654868,0.4398319166935224,0.7630623588368153,2000,0.19373625040062437,0.06708583005588457,0.3064233799251633,2000,0.19373625040062437,0.06708583005588457,0.3064233799251633,2000,0.0,0.0,0.0,2000,0.9999999999999998,0.9999999999999998,1.0000000000000002,2000,gemma-2-9b,nq_open
exact_match,Omega,123,10,0.4176991150442478,0.24657251556922608,0.6000699300699297,2000,-0.05682278708950612,-0.1975812344857044,0.08275697347213122,2000,-0.05682278708950612,-0.1975812344857044,0.08275697347213122,2000,0.188495575221239,0.014412481843674543,0.3811086624607494,2000,0.31933070727860297,0.16825846506181796,0.4668967645993693,2000,gemma-2-9b,nq_open
exact_match,Delta_in,123,10,0.6584070796460177,0.4371633078009965,0.8474069911569911,2000,0.19305321427954933,-0.029451715445935667,0.3918737162059669,2000,0.19305321427954933,-0.029451715445935667,0.3918737162059669,2000,-0.052212389380530966,-0.2946902654867256,0.19982841442687166,2000,0.11090762669377466,-0.08274299369901188,0.2917549550043316,2000,gemma-2-9b,nq_open
exact_match,negative_Delta_in,123,10,0.3415929203539823,0.15259300884300883,0.5628366921990035,2000,-0.19305321427954933,-0.391873716205967,0.02945171544593553,2000,-0.19305321427954933,-0.391873716205967,0.02945171544593553,2000,0.26460176991150447,-0.013431608310888814,0.5178726708074533,2000,-0.11090762669377466,-0.2917549550043316,0.08274299369901188,2000,gemma-2-9b,nq_open
exact_match,negative_mnll,123,10,0.6814159292035398,0.5249837662337663,0.8303571428571429,2000,0.16755964866204626,0.053293423153541394,0.27461407769760954,2000,0.16755964866204626,0.053293423153541394,0.27461407769760954,2000,-0.07522123893805299,-0.3028011643528885,0.16279365799556345,2000,-0.07624017891283412,-0.22450711273426224,0.07170471537203,2000,gemma-2-9b,nq_open
exact_match,negative_energy,123,10,0.38495575221238937,0.20216543677702434,0.5755509030370294,2000,-0.09060370054298093,-0.27576974997706566,0.07644205656746858,2000,-0.09060370054298093,-0.27576974997706566,0.07644205656746858,2000,0.2212389380530974,-0.05984195402298846,0.494308574879227,2000,-0.04370763638875512,-0.21260271771959294,0.12040741008838948,2000,gemma-2-9b,nq_open
exact_match,constant_kernel_control,123,10,0.6946902654867256,0.5640771028037384,0.8265116700305335,2000,0.19788791641664488,0.06954551400504065,0.31166101517492967,2000,0.19788791641664488,0.06954551400504065,0.31166101517492967,2000,-0.08849557522123885,-0.14691463618157544,-0.022833721663996893,2000,0.9998858500129861,0.9998386115077424,0.9999234154523957,2000,gemma-2-9b,nq_open
exact_match,negative_output_length,123,10,0.6327433628318584,0.5206186349392871,0.7256943928013682,2000,0.1590239266900789,0.07180912558514488,0.2391345261999221,2000,0.1590239266900789,0.07180912558514488,0.2391345261999221,2000,-0.02654867256637161,-0.14690927568769344,0.08620435120435108,2000,0.7618220761492192,0.6873412584239251,0.8215676507820816,2000,gemma-2-9b,nq_open
sentence_similarity,HIDE_score,762,514,0.5642415589305887,0.5192535210909776,0.6074546423455377,2000,0.10542113914467571,0.036600738344470016,0.1705606385551625,2000,0.09828541131555352,0.02646263298299153,0.1666933838252428,2000,0.0,0.0,0.0,2000,1.0,0.9999999999999998,1.0000000000000002,2000,gemma-2-9b,race
sentence_similarity,Omega,762,514,0.5107553031253922,0.46519547058446953,0.5539854490512189,2000,0.005954960347360042,-0.06673560188853421,0.07883548088384727,2000,0.030391541245782857,-0.04664566783424846,0.10323427343667863,2000,0.0534862558051965,0.00721446909378744,0.09824743671723472,2000,0.4617315354390993,0.4041595402408502,0.5175440938859814,2000,gemma-2-9b,race
sentence_similarity,Delta_in,762,514,0.5016670327601356,0.45707170319399343,0.5465150977126819,2000,-0.0021701785051399546,-0.07260356838662903,0.0656393615729759,2000,-0.0023985142348248974,-0.07548990173813698,0.0685500266070404,2000,0.06257452617045312,0.0014550425742803083,0.12421954304866593,2000,-0.0008744694960523363,-0.07284785777666802,0.06947240814438768,2000,gemma-2-9b,race
sentence_similarity,negative_Delta_in,762,514,0.4983329672398644,0.453484902287318,0.5429282968060065,2000,0.0021701785051399546,-0.06563936157297609,0.072603568386629,2000,0.0023985142348248974,-0.06855002660704057,0.07548990173813698,2000,0.06590859169072427,0.005295708430882102,0.1280577062735492,2000,0.0008744694960523363,-0.06947240814438774,0.07284785777666802,2000,gemma-2-9b,race
sentence_similarity,negative_mnll,762,514,0.5942795280532195,0.5532265583410243,0.639489759389429,2000,0.1684791312454424,0.0966532428034411,0.2451433517484445,2000,0.15418889750520468,0.08748525500269001,0.22629735829809883,2000,-0.030037969122630792,-0.1061920682349757,0.04350887027999201,2000,-0.46634661749669565,-0.515505629570676,-0.41478960689322164,2000,gemma-2-9b,race
sentence_similarity,negative_energy,762,514,0.4874874482239237,0.44404307445142116,0.5324245281703408,2000,0.003052626674402792,-0.06626441339946261,0.07444402641279538,2000,-0.018859968664459315,-0.08849366437030325,0.05251832551736224,2000,0.07675411070666499,0.02732120858298732,0.12757531962172788,2000,0.35589579337792127,0.29596480933542324,0.41664831097168076,2000,gemma-2-9b,race
sentence_similarity,constant_kernel_control,762,514,0.5680541609137693,0.5270510281350268,0.6065907684499855,2000,0.12913142927132726,0.06218440032135562,0.1948985411787115,2000,0.11666875683162664,0.04521837188538584,0.1826259601113596,2000,-0.0038126019831805635,-0.019847000789676408,0.01256980684024496,2000,0.9696559736739618,0.9601669640093445,0.9787474395082095,2000,gemma-2-9b,race
sentence_similarity,negative_output_length,762,514,0.5659203589807957,0.5238387913903257,0.6058676192238159,2000,0.11733857477458427,0.04446571421536137,0.1851732991344404,2000,0.11385641596999461,0.042572727329954915,0.18372980681837542,2000,-0.001678800050207041,-0.02577763288805415,0.02178883208463796,2000,0.8516128953325673,0.826909451614756,0.8761526521054558,2000,gemma-2-9b,race
rouge_l,HIDE_score,762,523,0.5546173108154596,0.5109448579073084,0.5975245736142867,2000,0.09476760723192938,0.02189159618960241,0.1643695908351416,2000,0.08349559013689825,0.011778209958059345,0.15209668897671355,2000,0.0,0.0,0.0,2000,1.0,0.9999999999999998,1.0000000000000002,2000,gemma-2-9b,race
rouge_l,Omega,762,523,0.4984119618870853,0.4533679316401951,0.5429630062024399,2000,0.01337092547198228,-0.06283140724572582,0.09099744239332731,2000,0.010483611124838105,-0.06393315646367108,0.08522655670357598,2000,0.05620534892837431,0.009251832441625208,0.10383378586963138,2000,0.4617315354390993,0.4041595402408502,0.5175440938859814,2000,gemma-2-9b,race
rouge_l,Delta_in,762,523,0.49964799155179723,0.45624689727726414,0.5445282694131288,2000,0.0026190978376013385,-0.07036196640821366,0.0757837558599823,2000,-0.003030909204230467,-0.07597818387132135,0.06736235992050135,2000,0.054969319263662386,-0.006770785606267332,0.11715781237758267,2000,-0.0008744694960523363,-0.07284785777666802,0.06947240814438768,2000,gemma-2-9b,race
rouge_l,negative_Delta_in,762,523,0.5003520084482027,0.4554717305868712,0.5437531027227359,2000,-0.0026190978376013385,-0.0757837558599823,0.07036196640821363,2000,0.003030909204230467,-0.06736235992050137,0.07597818387132134,2000,0.05426530236725691,-0.006046705236868069,0.1151207765497462,2000,0.0008744694960523363,-0.06947240814438774,0.07284785777666802,2000,gemma-2-9b,race
rouge_l,negative_mnll,762,523,0.6283990815779579,0.5871493583433971,0.6708764264313875,2000,0.1883114650525377,0.11964009136533287,0.25725119256466145,2000,0.20789959795779012,0.14345876678936717,0.27752987560454473,2000,-0.07378177076249826,-0.14803955530829271,-0.0020389402563874754,2000,-0.46634661749669565,-0.515505629570676,-0.41478960689322164,2000,gemma-2-9b,race
rouge_l,negative_energy,762,523,0.4745233885613255,0.43114203250828775,0.5184381893056093,2000,-0.03146186337243902,-0.10238063338343793,0.039635551684788044,2000,-0.03932316649953403,-0.10814600453939655,0.0313635319457918,2000,0.08009392225413414,0.02833490977295784,0.13032948839228226,2000,0.35589579337792127,0.29596480933542324,0.41664831097168076,2000,gemma-2-9b,race
rouge_l,constant_kernel_control,762,523,0.5602734465627175,0.5186497822732677,0.5998793635001973,2000,0.11051146233877081,0.04104846271501049,0.18022046091552205,2000,0.10170802529710884,0.03066000852284723,0.17055122779447981,2000,-0.005656135747257873,-0.021682796982959704,0.010702537610423741,2000,0.9696559736739618,0.9601669640093445,0.9787474395082095,2000,gemma-2-9b,race
rouge_l,negative_output_length,762,523,0.5488651727641464,0.5078704584694245,0.5895999780990502,2000,0.08654216671710391,0.016334138261657784,0.15890343525366077,2000,0.08083733769683292,0.010299223418533654,0.1520284545492503,2000,0.005752138051313249,-0.018485411165271918,0.029632706180545417,2000,0.8516128953325673,0.826909451614756,0.8761526521054558,2000,gemma-2-9b,race
exact_match,HIDE_score,762,501,0.5680822263518939,0.5254286726185242,0.6089633620507977,2000,0.10898289048001109,0.036369751224089995,0.17689285182154937,2000,0.10898289048001109,0.036369751224089995,0.17689285182154937,2000,0.0,0.0,0.0,2000,1.0,0.9999999999999998,1.0000000000000002,2000,gemma-2-9b,race
exact_match,Omega,762,501,0.5191991495935332,0.47418427993331785,0.5636523616154427,2000,0.0517412660226969,-0.021754048971941838,0.12709819368793004,2000,0.0517412660226969,-0.021754048971941838,0.12709819368793004,2000,0.04888307675836068,0.002139152339031636,0.0942063141396338,2000,0.4617315354390993,0.4041595402408502,0.5175440938859814,2000,gemma-2-9b,race
exact_match,Delta_in,762,501,0.5093682367066633,0.4634739364034953,0.5533982620363498,2000,0.011132367469326526,-0.06391143202641694,0.08388180089829853,2000,0.011132367469326526,-0.06391143202641694,0.08388180089829853,2000,0.05871398964523056,-0.00240932412814448,0.120153842407695,2000,-0.0008744694960523363,-0.07284785777666802,0.06947240814438768,2000,gemma-2-9b,race
exact_match,negative_Delta_in,762,501,0.4906317632933367,0.44660173796365027,0.5365260635965047,2000,-0.011132367469326526,-0.08388180089829854,0.06391143202641691,2000,-0.011132367469326526,-0.08388180089829854,0.06391143202641691,2000,0.07745046305855718,0.014659456873421722,0.13870183364336958,2000,0.0008744694960523363,-0.06947240814438774,0.07284785777666802,2000,gemma-2-9b,race
exact_match,negative_mnll,762,501,0.6012037228225541,0.5588064166065295,0.6446792368461322,2000,0.16879866594127194,0.10189963643407615,0.2394052543349671,2000,0.16879866594127194,0.10189963643407615,0.2394052543349671,2000,-0.033121496470660206,-0.10847693366366355,0.03933202095843587,2000,-0.46634661749669565,-0.515505629570676,-0.41478960689322164,2000,gemma-2-9b,race
exact_match,negative_energy,762,501,0.47523344116364974,0.43213796356318823,0.519504195587921,2000,-0.03643434548511847,-0.1055465537807535,0.0353253625232767,2000,-0.03643434548511847,-0.1055465537807535,0.0353253625232767,2000,0.09284878518824413,0.04212800418443732,0.14225757419789672,2000,0.35589579337792127,0.29596480933542324,0.41664831097168076,2000,gemma-2-9b,race
exact_match,constant_kernel_control,762,501,0.5717951071038001,0.5303115290403683,0.6095451391349,2000,0.12375654052386946,0.05069281289724511,0.19087573586036505,2000,0.12375654052386946,0.05069281289724511,0.19087573586036505,2000,-0.0037128807519062335,-0.019721235489933955,0.012643442304888878,2000,0.9696559736739618,0.9601669640093445,0.9787474395082095,2000,gemma-2-9b,race
exact_match,negative_output_length,762,501,0.562537759729583,0.5226631242471932,0.6023792661443477,2000,0.10914897172887315,0.040015323181112165,0.17865069927227256,2000,0.10914897172887315,0.040015323181112165,0.17865069927227256,2000,0.005544466622310895,-0.018234516248806655,0.028998971713173633,2000,0.8516128953325673,0.826909451614756,0.8761526521054558,2000,gemma-2-9b,race
sentence_similarity,HIDE_score,802,326,0.558701087797082,0.5190067245181965,0.5990333672852617,2000,0.11009327387385175,0.043547861921692126,0.17784067352839697,2000,0.09548051144193759,0.026131321249386462,0.16388714196804166,2000,0.0,0.0,0.0,2000,0.9999999999999999,0.9999999999999999,1.0000000000000002,2000,gemma-2-9b,triviaqa
sentence_similarity,Omega,802,326,0.5176573696963448,0.47762533054899003,0.5581669651195306,2000,0.02403124200009063,-0.04526004603413239,0.0952323025768354,2000,0.03683686647399484,-0.029290510611181132,0.105322637807168,2000,0.04104371810073726,-2.7751972313627035e-05,0.08520510358842683,2000,0.5058142420431726,0.45377181042841025,0.5541013166789657,2000,gemma-2-9b,triviaqa
sentence_similarity,Delta_in,802,326,0.5709452492653503,0.5325359344216783,0.611792387211826,2000,0.1501863750072985,0.0844213681049948,0.2142685574281854,2000,0.12404467184570096,0.053975096719076354,0.1934587255610813,2000,-0.012244161468268233,-0.0686909095049747,0.04576689156146759,2000,0.04081852623819887,-0.02976188168943283,0.1069303310634749,2000,gemma-2-9b,triviaqa
sentence_similarity,negative_Delta_in,802,326,0.4290547507346497,0.3882076127881739,0.4674640655783216,2000,-0.1501863750072985,-0.2142685574281854,-0.08442136810499487,2000,-0.12404467184570096,-0.1934587255610813,-0.053975096719076375,2000,0.12964633706243234,0.07426991442434636,0.1870185467530112,2000,-0.04081852623819887,-0.1069303310634749,0.029761881689432796,2000,gemma-2-9b,triviaqa
sentence_similarity,negative_mnll,802,326,0.6790418621436305,0.6417560274205978,0.7156246906426461,2000,0.4067739858573879,0.3381666767033549,0.4732284315896614,2000,0.2886110979171679,0.22782733725694876,0.34975784549178096,2000,-0.12034077434654844,-0.18089595133734562,-0.05878593290470887,2000,-0.14064449311628666,-0.20826046047758423,-0.06984038081936245,2000,gemma-2-9b,triviaqa
sentence_similarity,negative_energy,802,326,0.4167268134247564,0.37787861774804293,0.45738512952323473,2000,-0.12008039599516382,-0.18752657147398014,-0.05355379622297107,2000,-0.14200643597412813,-0.21271884278221484,-0.07128118232636246,2000,0.14197427437232563,0.09494445198481975,0.18819398975843582,2000,0.23832109472702478,0.16707830774945875,0.3106980092434117,2000,gemma-2-9b,triviaqa
sentence_similarity,constant_kernel_control,802,326,0.5531589936588133,0.5157611934140851,0.5915478012916439,2000,0.10979963621824491,0.04312597858913304,0.17736063106051853,2000,0.09512934087699958,0.025271508282660393,0.16326760794310335,2000,0.005542094138268783,-0.01035917975511772,0.019986849039325492,2000,0.9998895874983061,0.9998745489917382,0.9999042826055073,2000,gemma-2-9b,triviaqa
sentence_similarity,negative_output_length,802,326,0.549766072073001,0.5120269287520698,0.5886780096359401,2000,0.1057702740583084,0.036563673458908055,0.17762894469168172,2000,0.07333294975901997,0.007300639212213297,0.14515636594710019,2000,0.008935015724081063,-0.02160735780231063,0.03852769444359994,2000,0.6975828234055091,0.6621708789271851,0.7305904882104476,2000,gemma-2-9b,triviaqa
rouge_l,HIDE_score,802,419,0.5710631430049166,0.5337818346772094,0.6107500412982456,2000,0.08008348351859267,0.01397640228989388,0.1487243863579619,2000,0.1351429199504904,0.06785210911663404,0.20795052620887144,2000,0.0,0.0,0.0,2000,0.9999999999999999,0.9999999999999999,1.0000000000000002,2000,gemma-2-9b,triviaqa
rouge_l,Omega,802,419,0.5126840606442045,0.47189375122913096,0.5511812090751556,2000,-0.0037262637339458954,-0.07231863645090655,0.06244809808484138,2000,0.02013711582726638,-0.048076488829524526,0.08776820040716272,2000,0.0583790823607121,0.017859213462576424,0.10052353839119563,2000,0.5058142420431726,0.45377181042841025,0.5541013166789657,2000,gemma-2-9b,triviaqa
rouge_l,Delta_in,802,419,0.6214722358967328,0.5823636277718083,0.6618446277652884,2000,0.18673527913113197,0.11813413981295004,0.2570097757391944,2000,0.2091008712800729,0.14373727241394593,0.2752111008767829,2000,-0.050409092891816276,-0.10628776722755666,0.006741906792528959,2000,0.04081852623819887,-0.02976188168943283,0.1069303310634749,2000,gemma-2-9b,triviaqa
rouge_l,negative_Delta_in,802,419,0.37852776410326716,0.33815537223471154,0.41763637222819167,2000,-0.18673527913113197,-0.2570097757391944,-0.11813413981295005,2000,-0.2091008712800729,-0.27521110087678297,-0.14373727241394596,2000,0.1925353789016494,0.1382258833068488,0.24920573490880435,2000,-0.04081852623819887,-0.1069303310634749,0.029761881689432796,2000,gemma-2-9b,triviaqa
rouge_l,negative_mnll,802,419,0.7368657190750076,0.7018786890611667,0.7685898106267951,2000,0.48491424683567136,0.42953221130797886,0.5365093637125288,2000,0.4041108215807098,0.3466932981719698,0.4577141165351104,2000,-0.16580257607009108,-0.22071655743206858,-0.1086238411340567,2000,-0.14064449311628666,-0.20826046047758423,-0.06984038081936245,2000,gemma-2-9b,triviaqa
rouge_l,negative_energy,802,419,0.4050985499479676,0.3669593426508188,0.4446015851526249,2000,-0.1740746348703651,-0.23820855681088557,-0.10468101264493024,2000,-0.16732259272999817,-0.22896549055355922,-0.09878959760931051,2000,0.16596459305694894,0.11682902187316585,0.21340338722127467,2000,0.23832109472702478,0.16707830774945875,0.3106980092434117,2000,gemma-2-9b,triviaqa
rouge_l,constant_kernel_control,802,419,0.5706705633829147,0.5350242137039726,0.6103732815790797,2000,0.07968920997719793,0.013381292751108456,0.14843209930348827,2000,0.13510363268210143,0.06802783533600981,0.20732717871106543,2000,0.00039257962200189844,-0.01487255284928898,0.015296323197674431,2000,0.9998895874983061,0.9998745489917382,0.9999042826055073,2000,gemma-2-9b,triviaqa
rouge_l,negative_output_length,802,419,0.5821768851611134,0.5441726967246362,0.6219672257100348,2000,0.08366505381544756,0.014996951784013736,0.16098762657982962,2000,0.13518378120266764,0.06863668151647348,0.20664803949683733,2000,-0.01111374215619687,-0.042761666855944326,0.018838258485736146,2000,0.6975828234055091,0.6621708789271851,0.7305904882104476,2000,gemma-2-9b,triviaqa
exact_match,HIDE_score,802,319,0.5786327615413073,0.5417150225658861,0.6186351678421452,2000,0.16580224364730956,0.10066772053782157,0.23142717455456918,2000,0.16580224364730956,0.10066772053782157,0.23142717455456918,2000,0.0,0.0,0.0,2000,0.9999999999999999,0.9999999999999999,1.0000000000000002,2000,gemma-2-9b,triviaqa
exact_match,Omega,802,319,0.5439552950797328,0.5038140305053458,0.5851535002067649,2000,0.08647983065436614,0.0200135383574124,0.15413439373482032,2000,0.08647983065436614,0.0200135383574124,0.15413439373482032,2000,0.034677466461574435,-0.005544585185549436,0.07893976151231494,2000,0.5058142420431726,0.45377181042841025,0.5541013166789657,2000,gemma-2-9b,triviaqa
exact_match,Delta_in,802,319,0.6052687941743414,0.565799666411614,0.6447108719247278,2000,0.16930429617460002,0.10399105427099385,0.23767759317843704,2000,0.16930429617460002,0.10399105427099385,0.23767759317843704,2000,-0.026636032633034157,-0.0819066294226804,0.026932323215139598,2000,0.04081852623819887,-0.02976188168943283,0.1069303310634749,2000,gemma-2-9b,triviaqa
exact_match,negative_Delta_in,802,319,0.3947312058256586,0.35528912807527224,0.43420033358838594,2000,-0.16930429617460002,-0.23767759317843704,-0.10399105427099392,2000,-0.16930429617460002,-0.23767759317843704,-0.10399105427099392,2000,0.18390155571564865,0.1286994642102243,0.23914191206986776,2000,-0.04081852623819887,-0.1069303310634749,0.029761881689432796,2000,gemma-2-9b,triviaqa
exact_match,negative_mnll,802,319,0.6634929288602452,0.6255838307007788,0.7015640727707051,2000,0.26265903795695067,0.1998767968210851,0.322832394574262,2000,0.26265903795695067,0.1998767968210851,0.322832394574262,2000,-0.08486016731893797,-0.14581250372355453,-0.02556168711266966,2000,-0.14064449311628666,-0.20826046047758423,-0.06984038081936245,2000,gemma-2-9b,triviaqa
exact_match,negative_energy,802,319,0.4287012337986851,0.38964362606694813,0.46933284081335036,2000,-0.09085941542784982,-0.15859429116650275,-0.0232369822794298,2000,-0.09085941542784982,-0.15859429116650275,-0.0232369822794298,2000,0.1499315277426222,0.10338746771301288,0.1950907173813184,2000,0.23832109472702478,0.16707830774945875,0.3106980092434117,2000,gemma-2-9b,triviaqa
exact_match,constant_kernel_control,802,319,0.5844318100689915,0.5478964832140247,0.6211267612662895,2000,0.16618435867425851,0.10033650190649461,0.23183303204288586,2000,0.16618435867425851,0.10033650190649461,0.23183303204288586,2000,-0.005799048527684203,-0.021031674356817593,0.008831096007681262,2000,0.9998895874983061,0.9998745489917382,0.9999042826055073,2000,gemma-2-9b,triviaqa
exact_match,negative_output_length,802,319,0.5895007041933579,0.5530427390846459,0.6280831970485818,2000,0.14905441178164486,0.08514144034506567,0.21619322057068727,2000,0.14905441178164486,0.08514144034506567,0.21619322057068727,2000,-0.0108679426520506,-0.04273017959943183,0.019119898220108542,2000,0.6975828234055091,0.6621708789271851,0.7305904882104476,2000,gemma-2-9b,triviaqa
sentence_similarity,HIDE_score,1680,1142,0.5183822811346428,0.489857347137951,0.5475545363923485,2000,0.03573329456495903,-0.006137544051710923,0.07968736366501397,2000,0.05148309082264665,0.005827770886838217,0.098621616490829,2000,0.0,0.0,0.0,2000,1.0,0.9999999999999998,1.0000000000000002,2000,llama3-8b,SQuAD
sentence_similarity,Omega,1680,1142,0.5465937278237488,0.5181627099842154,0.575594260075963,2000,0.029228618570119703,-0.021652902088656726,0.0834022372216791,2000,0.07826140996640586,0.029818941824274605,0.12748533824689046,2000,-0.028211446689106023,-0.05861903654474507,0.002552333448785429,2000,0.43599525348417556,0.3987872950231054,0.47216388459656455,2000,llama3-8b,SQuAD
sentence_similarity,Delta_in,1680,1142,0.5282993378863143,0.4995090970244388,0.5580335499086279,2000,0.058749011511183565,0.011429448360437397,0.10804462460728398,2000,0.04613073512203299,-0.0007730864108335888,0.09454540622100503,2000,-0.009917056751671538,-0.05364641106653892,0.03214283064775822,2000,-0.03524917665033188,-0.08373395888707034,0.014201133578318162,2000,llama3-8b,SQuAD
sentence_similarity,negative_Delta_in,1680,1142,0.4717006621136856,0.44196645009137214,0.5004909029755611,2000,-0.058749011511183565,-0.10804462460728402,-0.011429448360437404,2000,-0.04613073512203299,-0.09454540622100503,0.0007730864108335524,2000,0.04668161902095719,0.006192097851197287,0.08845833245487632,2000,0.03524917665033188,-0.014201133578318165,0.08373395888707034,2000,llama3-8b,SQuAD
sentence_similarity,negative_mnll,1680,1142,0.6461093496702452,0.6175338549374764,0.6751527730160446,2000,0.2653177365831339,0.20918347624960576,0.3186349557132496,2000,0.25208167979981744,0.2051857821062358,0.2991933453606877,2000,-0.12772706853560245,-0.17087492152537836,-0.0840897638892179,2000,-0.25381146431039625,-0.29732544541074923,-0.20911126503649777,2000,llama3-8b,SQuAD
sentence_similarity,negative_energy,1680,1142,0.5602835955963255,0.5305942676449605,0.5914137372336489,2000,0.06234407535516351,0.00821527083721183,0.12075056235629757,2000,0.0838890001391864,0.0343685898573346,0.13449452141467902,2000,-0.04190131446168266,-0.08931069362753725,0.0035718900821229606,2000,-0.3563610063058465,-0.39785771726109803,-0.31881115681496436,2000,llama3-8b,SQuAD
sentence_similarity,constant_kernel_control,1680,1142,0.5342401317716913,0.5073683349246011,0.5613101674702221,2000,0.0357349095690359,-0.006135760058485571,0.07968909070093638,2000,0.051484450305406874,0.005828648909821812,0.09862352594863973,2000,-0.015857850637048476,-0.025852445040642307,-0.005358348651026179,2000,0.9999999997729413,0.9999999997536895,0.9999999997921367,2000,llama3-8b,SQuAD
sentence_similarity,negative_output_length,1680,1142,0.4880313348394195,0.4589188450292144,0.5161636257449365,2000,-0.06648042036543776,-0.11014386988815113,-0.021294304267897732,2000,-0.027645454290750774,-0.07427343427281972,0.01974512240082285,2000,0.03035094629522328,0.01459282272402474,0.047304195000661076,2000,0.8018762212915187,0.763512658868681,0.8374099697127342,2000,llama3-8b,SQuAD
rouge_l,HIDE_score,1680,1317,0.5570333695204269,0.5265662908398915,0.5877504237665248,2000,0.07947619897030046,0.03328515902183171,0.12488266355584499,2000,0.08737630236944902,0.04331282295909218,0.13308322564606914,2000,0.0,0.0,0.0,2000,1.0,0.9999999999999998,1.0000000000000002,2000,llama3-8b,SQuAD
rouge_l,Omega,1680,1317,0.5738938358528336,0.5407333072755582,0.6084627583978236,2000,0.1190226369874009,0.06960803361179574,0.17166318017632193,2000,0.1115351914299985,0.061739820464086895,0.1637657130811205,2000,-0.016860466332406676,-0.04950823770337021,0.01564705192937089,2000,0.43599525348417556,0.3987872950231054,0.47216388459656455,2000,llama3-8b,SQuAD
rouge_l,Delta_in,1680,1317,0.5129028951766579,0.479023022874604,0.5478270680803841,2000,0.03419838344044047,-0.012968417769665485,0.0842229158098086,2000,0.015485435376421696,-0.033226506371806845,0.06641023374995265,2000,0.044130474343769044,-0.00283870465128736,0.09026853618102984,2000,-0.03524917665033188,-0.08373395888707034,0.014201133578318162,2000,llama3-8b,SQuAD
rouge_l,negative_Delta_in,1680,1317,0.4870971048233421,0.452172931919616,0.5209769771253959,2000,-0.03419838344044047,-0.08422291580980862,0.01296841776966544,2000,-0.015485435376421696,-0.06641023374995268,0.03322650637180682,2000,0.0699362646970848,0.024948395319609323,0.11529534707217315,2000,0.03524917665033188,-0.014201133578318165,0.08373395888707034,2000,llama3-8b,SQuAD
rouge_l,negative_mnll,1680,1317,0.7087566491169721,0.6758563231871755,0.7393472343553035,2000,0.37984739325488587,0.3315445375184481,0.424108812133873,2000,0.3281707438794972,0.27777256704263126,0.37605891841692773,2000,-0.1517232795965452,-0.19857738719540963,-0.10475358108172426,2000,-0.25381146431039625,-0.29732544541074923,-0.20911126503649777,2000,llama3-8b,SQuAD
rouge_l,negative_energy,1680,1317,0.5989988934697984,0.5632430453254137,0.6321264556654852,2000,0.16706042753719938,0.1191667724650974,0.21325150361192188,2000,0.13658356382109174,0.08479682148501472,0.18638980876404773,2000,-0.041965523949371475,-0.09158053798251385,0.008385536877269277,2000,-0.3563610063058465,-0.39785771726109803,-0.31881115681496436,2000,llama3-8b,SQuAD
rouge_l,constant_kernel_control,1680,1317,0.5619583702002422,0.5330607457572838,0.591711756098511,2000,0.07947636739650035,0.03328531438764567,0.12488270415877017,2000,0.08737657301278876,0.043312302775085146,0.13308371778316033,2000,-0.004925000679815272,-0.01604763598561122,0.00676590759245218,2000,0.9999999997729413,0.9999999997536895,0.9999999997921367,2000,llama3-8b,SQuAD
rouge_l,negative_output_length,1680,1317,0.5257974233952697,0.4953697304847676,0.5573402055712597,2000,0.01674913222371766,-0.028658213998519796,0.06690496636068738,2000,0.027108690666687033,-0.016309769237123815,0.07493217260492853,2000,0.031235946125157232,0.012635006240554872,0.04857351632755363,2000,0.8018762212915187,0.763512658868681,0.8374099697127342,2000,llama3-8b,SQuAD
exact_match,HIDE_score,1680,1035,0.5296131520802906,0.5017728538082703,0.5588724546153984,2000,0.060922289014553765,0.013132438103364723,0.11093524964271156,2000,0.060922289014553765,0.013132438103364723,0.11093524964271156,2000,0.0,0.0,0.0,2000,1.0,0.9999999999999998,1.0000000000000002,2000,llama3-8b,SQuAD
exact_match,Omega,1680,1035,0.5906347601393102,0.5630746075844859,0.6194395534184891,2000,0.15274493956658533,0.10776023388025542,0.2007013517267618,2000,0.15274493956658533,0.10776023388025542,0.2007013517267618,2000,-0.06102160805901957,-0.09028915937474487,-0.03118862596638541,2000,0.43599525348417556,0.3987872950231054,0.47216388459656455,2000,llama3-8b,SQuAD
exact_match,Delta_in,1680,1035,0.5402673856870015,0.5124351240126226,0.5698331518233734,2000,0.06112449518983213,0.012942775902955768,0.10965209257283758,2000,0.06112449518983213,0.012942775902955768,0.10965209257283758,2000,-0.010654233606710917,-0.05185094630904068,0.03268100240291589,2000,-0.03524917665033188,-0.08373395888707034,0.014201133578318162,2000,llama3-8b,SQuAD
exact_match,negative_Delta_in,1680,1035,0.45973261431299856,0.4301668481766266,0.4875648759873774,2000,-0.06112449518983213,-0.10965209257283759,-0.012942775902955785,2000,-0.06112449518983213,-0.10965209257283759,-0.012942775902955785,2000,0.06988053776729203,0.0323554179754946,0.11208205497331498,2000,0.03524917665033188,-0.014201133578318165,0.08373395888707034,2000,llama3-8b,SQuAD
exact_match,negative_mnll,1680,1035,0.666780511553009,0.6394895411183744,0.693575376696636,2000,0.28881703899864436,0.24419495401487154,0.3327010097120181,2000,0.28881703899864436,0.24419495401487154,0.3327010097120181,2000,-0.1371673594727184,-0.17756962117152186,-0.09368454270029604,2000,-0.25381146431039625,-0.29732544541074923,-0.20911126503649777,2000,llama3-8b,SQuAD
exact_match,negative_energy,1680,1035,0.5718907987866532,0.5429810198460676,0.5999993459543856,2000,0.10766366859516179,0.05872857879444006,0.15542034503914892,2000,0.10766366859516179,0.05872857879444006,0.15542034503914892,2000,-0.04227764670636258,-0.0881359856037794,0.003689132709829671,2000,-0.3563610063058465,-0.39785771726109803,-0.31881115681496436,2000,llama3-8b,SQuAD
exact_match,constant_kernel_control,1680,1035,0.536365202411714,0.509838502296932,0.5639946745820567,2000,0.0609229197063754,0.013131957054551653,0.11093631288286121,2000,0.0609229197063754,0.013131957054551653,0.11093631288286121,2000,-0.006752050331423454,-0.016488786663797668,0.0031385780998757465,2000,0.9999999997729413,0.9999999997536895,0.9999999997921367,2000,llama3-8b,SQuAD
exact_match,negative_output_length,1680,1035,0.5109021458263117,0.48496040859449363,0.539708791767724,2000,0.017086902021208238,-0.029411085950598662,0.06770233028245468,2000,0.017086902021208238,-0.029411085950598662,0.06770233028245468,2000,0.018711006253978923,0.0030610558047862754,0.03446730359534196,2000,0.8018762212915187,0.763512658868681,0.8374099697127342,2000,llama3-8b,SQuAD
sentence_similarity,HIDE_score,919,299,0.509240479016075,0.4677919478126841,0.5498540223364966,2000,-0.010487973154258947,-0.07274686263470781,0.05092285262044394,2000,0.03270419902451553,-0.03226120362722516,0.09736129319771204,2000,0.0,0.0,0.0,2000,1.0,0.9999999999999998,1.0000000000000002,2000,llama3-8b,nq_open
sentence_similarity,Omega,919,299,0.5087334124501025,0.46763708384551006,0.5470487495915015,2000,0.007009244543557552,-0.0600538106342462,0.07071048542483593,2000,0.01927928712460507,-0.04543449789641058,0.07620608170353685,2000,0.0005070665659725471,-0.041245930118275716,0.04331235045961809,2000,0.4001445010619304,0.3340438370361696,0.46232426270020555,2000,llama3-8b,nq_open
sentence_similarity,Delta_in,919,299,0.5683838601790916,0.5300643315246952,0.6052189718726954,2000,0.1991515062927046,0.13801652978379245,0.257073992288552,2000,0.11307829696087858,0.05091188555780836,0.17273110188222732,2000,-0.05914338116301654,-0.11746673717953739,-0.00035667002495366474,2000,-0.0526650629515779,-0.11256626261634242,0.010430853285177321,2000,llama3-8b,nq_open
sentence_similarity,negative_Delta_in,919,299,0.4316161398209084,0.39478102812730465,0.4699356684753048,2000,-0.1991515062927046,-0.25707399228855204,-0.13801652978379245,2000,-0.11307829696087858,-0.17273110188222734,-0.050911885557808456,2000,0.07762433919516665,0.02543673785789154,0.13036769191778858,2000,0.0526650629515779,-0.010430853285177325,0.11256626261634238,2000,llama3-8b,nq_open
sentence_similarity,negative_mnll,919,299,0.7304455712590355,0.6953327657105902,0.7639070330451669,2000,0.38047735629640217,0.32788828632803035,0.43038825155935445,2000,0.35823666073409877,0.3087133658229972,0.4067627169340933,2000,-0.22120509224296048,-0.27879548690064265,-0.16233980796227337,2000,-0.1342583952404451,-0.19769426309098578,-0.06843628139369075,2000,llama3-8b,nq_open
sentence_similarity,negative_energy,919,299,0.5987053619592189,0.5602702596228433,0.6360936549425329,2000,0.2167716257025095,0.15401949781871102,0.2760149509091229,2000,0.1747675483028043,0.11527784466498783,0.23192772290860944,2000,-0.08946488294314381,-0.1557172721768626,-0.019893904491592063,2000,-0.4868918889726167,-0.5354174701453697,-0.43456854545609397,2000,llama3-8b,nq_open
sentence_similarity,constant_kernel_control,919,299,0.5189988132484626,0.48064825502723674,0.5560752302082401,2000,-0.010488227216047256,-0.07274746537719555,0.050923154963712705,2000,0.03270479135604675,-0.032260584041054294,0.09736210285989332,2000,-0.009758334232387589,-0.023060770714851374,0.0038995411468904484,2000,0.9999999997736285,0.9999999997491252,0.9999999997969798,2000,llama3-8b,nq_open
sentence_similarity,negative_output_length,919,299,0.49843294853813785,0.46031119972885226,0.5348371127351746,2000,-0.046524471425323496,-0.11102268351468396,0.017664919368394056,2000,0.007840039943456277,-0.056883059835512555,0.06955880211987626,2000,0.0108075304779372,-0.011221365391115878,0.03437771012359744,2000,0.7866517947390936,0.7075666119735617,0.8473744891138507,2000,llama3-8b,nq_open
rouge_l,HIDE_score,919,335,0.5127990186056022,0.47272864369011847,0.5513207668583808,2000,0.019966943568948972,-0.04506124039166633,0.0801646902028188,2000,0.04247306644780547,-0.023159441595414287,0.10210145275519925,2000,0.0,0.0,0.0,2000,1.0,0.9999999999999998,1.0000000000000002,2000,llama3-8b,nq_open
rouge_l,Omega,919,335,0.5148078102637498,0.47527539608917163,0.5526284397255111,2000,-0.016086792540190877,-0.07841833496311079,0.042163777072022034,2000,0.02252187483097954,-0.041861643228165005,0.08008483316451863,2000,-0.0020087916581476017,-0.042602903313499925,0.04023552686595504,2000,0.4001445010619304,0.3340438370361696,0.46232426270020555,2000,llama3-8b,nq_open
rouge_l,Delta_in,919,335,0.573722142711102,0.5360064833855609,0.6120231731907483,2000,0.0892405657634501,0.03180105659752871,0.1496610717026899,2000,0.1214269264689923,0.060030646434583536,0.18526116675193335,2000,-0.060923124105499826,-0.1182961904901546,-0.005463092556121631,2000,-0.0526650629515779,-0.11256626261634242,0.010430853285177321,2000,llama3-8b,nq_open
rouge_l,negative_Delta_in,919,335,0.426277857288898,0.3879768268092517,0.463993516614439,2000,-0.0892405657634501,-0.14966107170268994,-0.03180105659752871,2000,-0.1214269264689923,-0.18526116675193338,-0.06003064643458355,2000,0.08652116131670418,0.03539487231176462,0.13640211295675272,2000,0.0526650629515779,-0.010430853285177325,0.11256626261634238,2000,llama3-8b,nq_open
rouge_l,negative_mnll,919,335,0.7427059905949703,0.7098987865742463,0.7726527358505844,2000,0.3910893007058443,0.34446784821657006,0.4382607095781541,2000,0.3898681462840166,0.3434554303041949,0.43592712395197925,2000,-0.22990697198936816,-0.28599778246788066,-0.1748734722211266,2000,-0.1342583952404451,-0.19769426309098578,-0.06843628139369075,2000,llama3-8b,nq_open
rouge_l,negative_energy,919,335,0.5994070742179514,0.5625815697037518,0.6353902726803966,2000,0.18620840337667424,0.12708392583346775,0.24508657578856988,2000,0.17970154698456717,0.12024872282763444,0.23720162008156864,2000,-0.08660805561234919,-0.14991443825994435,-0.02087593494370292,2000,-0.4868918889726167,-0.5354174701453697,-0.43456854545609397,2000,llama3-8b,nq_open
rouge_l,constant_kernel_control,919,335,0.524210284195461,0.48701465674530653,0.5583546171136863,2000,0.019967663128479515,-0.04506069597557488,0.08016534107278867,2000,0.042473682049834205,-0.023158372909566207,0.1021009746138367,2000,-0.011411265589858832,-0.024517851479214627,0.0018468609479387527,2000,0.9999999997736285,0.9999999997491252,0.9999999997969798,2000,llama3-8b,nq_open
rouge_l,negative_output_length,919,335,0.49681813535064406,0.4588327412594561,0.5314469813799778,2000,-0.009192361859547854,-0.07331385200919849,0.05060046177187168,2000,0.0061144127257041336,-0.059269964319924776,0.06742541157741322,2000,0.01598088325495811,-0.00612321819274266,0.0392216903787247,2000,0.7866517947390936,0.7075666119735617,0.8473744891138507,2000,llama3-8b,nq_open
exact_match,HIDE_score,919,251,0.5313536274065415,0.48996280515325147,0.5713775357757711,2000,0.07490080720773935,0.010691870410977092,0.1349978355430169,2000,0.07490080720773935,0.010691870410977092,0.1349978355430169,2000,0.0,0.0,0.0,2000,1.0,0.9999999999999998,1.0000000000000002,2000,llama3-8b,nq_open
exact_match,Omega,919,251,0.5466099673163632,0.5062788425267659,0.5868902630814473,2000,0.0692952611981392,0.007990965935361305,0.12514909295368495,2000,0.0692952611981392,0.007990965935361305,0.12514909295368495,2000,-0.015256339909821781,-0.060024652100979375,0.030854181914791938,2000,0.4001445010619304,0.3340438370361696,0.46232426270020555,2000,llama3-8b,nq_open
exact_match,Delta_in,919,251,0.5881682849440562,0.549923806281503,0.6275239598818924,2000,0.14026817509721695,0.08264917048514067,0.2003246877757983,2000,0.14026817509721695,0.08264917048514067,0.2003246877757983,2000,-0.05681465753751469,-0.11976461764695266,0.0025929293384025793,2000,-0.0526650629515779,-0.11256626261634242,0.010430853285177321,2000,llama3-8b,nq_open
exact_match,negative_Delta_in,919,251,0.4118317150559439,0.37247604011810764,0.45007619371849705,2000,-0.14026817509721695,-0.2003246877757983,-0.0826491704851407,2000,-0.14026817509721695,-0.2003246877757983,-0.0826491704851407,2000,0.11952191235059756,0.06996984608558789,0.1702748608234117,2000,0.0526650629515779,-0.010430853285177325,0.11256626261634238,2000,llama3-8b,nq_open
exact_match,negative_mnll,919,251,0.7145012763317986,0.6788036476138172,0.7496744514467428,2000,0.3171091247823402,0.26933951179223053,0.3637059421736334,2000,0.3171091247823402,0.26933951179223053,0.3637059421736334,2000,-0.18314764892525714,-0.24104443646416523,-0.12429360521955683,2000,-0.1342583952404451,-0.19769426309098578,-0.06843628139369075,2000,llama3-8b,nq_open
exact_match,negative_energy,919,251,0.573287687573061,0.5330963172018603,0.6133179962811126,2000,0.12716547523674362,0.0659591127911602,0.18622461310056884,2000,0.12716547523674362,0.0659591127911602,0.18622461310056884,2000,-0.04193406016651957,-0.11153169131536801,0.029247976991534246,2000,-0.4868918889726167,-0.5354174701453697,-0.43456854545609397,2000,llama3-8b,nq_open
exact_match,constant_kernel_control,919,251,0.5438873249516902,0.5047357723614531,0.5811300048142372,2000,0.07490155656821014,0.010692440931099332,0.13499864938955056,2000,0.07490155656821014,0.010692440931099332,0.13499864938955056,2000,-0.01253369754514877,-0.02639273179371924,0.0016759226708318344,2000,0.9999999997736285,0.9999999997491252,0.9999999997969798,2000,llama3-8b,nq_open
exact_match,negative_output_length,919,251,0.5187811627740535,0.4800950110561902,0.5563063096445132,2000,0.042276720130636575,-0.018967945833176198,0.09968945659856084,2000,0.042276720130636575,-0.018967945833176198,0.09968945659856084,2000,0.012572464632487956,-0.010024917281567982,0.03789596546750857,2000,0.7866517947390936,0.7075666119735617,0.8473744891138507,2000,llama3-8b,nq_open
sentence_similarity,HIDE_score,624,278,0.46024971929970476,0.4085962620345806,0.5088217521540965,2000,-0.04399762980387959,-0.11481698085425478,0.025862832345893615,2000,0.002135242336498102,-0.08147988585596007,0.08587884196641662,2000,0.0,0.0,0.0,2000,1.0,0.9999999999999998,1.0000000000000002,2000,llama3-8b,race
sentence_similarity,Omega,624,278,0.4319145839397846,0.3881594967595223,0.4787780207315596,2000,-0.13115059223469186,-0.22260112783174693,-0.041872308082830524,2000,-0.05844981636375245,-0.1378840481223347,0.01883016269695986,2000,0.02833513535992016,-0.012295892728663993,0.07261876453032781,2000,0.4844187537112192,0.43645062637146753,0.5322140399945381,2000,llama3-8b,race
sentence_similarity,Delta_in,624,278,0.37371605605688857,0.33257499014616443,0.41628616699125315,2000,-0.38713206589985577,-0.45171384479790977,-0.3189405778191173,2000,-0.2587285174479171,-0.32133398566715915,-0.1927857657975786,2000,0.0865336632428162,0.026827933466452573,0.14505652085435766,2000,0.14846483462031726,0.08395945014770405,0.21271697449068092,2000,llama3-8b,race
sentence_similarity,negative_Delta_in,624,278,0.6262839439431114,0.5837138330087469,0.6674250098538356,2000,0.38713206589985577,0.3189405778191172,0.45171384479790977,2000,0.2587285174479171,0.1927857657975786,0.3213339856671591,2000,-0.1660342246434066,-0.23529696503117545,-0.09645937461254474,2000,-0.14846483462031726,-0.21271697449068105,-0.08395945014770408,2000,llama3-8b,race
sentence_similarity,negative_mnll,624,278,0.7048280450783881,0.6645205771196717,0.7447244015710307,2000,0.4400535009926633,0.37316877965647915,0.5049226397936495,2000,0.3420860901744433,0.27207243119088986,0.4101205625850133,2000,-0.24457832577868338,-0.3163145958098366,-0.16908542336461124,2000,-0.26447376082004026,-0.33643339530711935,-0.19699856787668468,2000,llama3-8b,race
sentence_similarity,negative_energy,624,278,0.7337817607185928,0.6922998101192482,0.7713942164223644,2000,0.5839228391699766,0.5250157410443622,0.6356158866231332,2000,0.43378674717664834,0.3715752507888345,0.48820077335351136,2000,-0.27353204141888804,-0.34847838875323955,-0.1967814067322531,2000,-0.34607572211924825,-0.3991593395246176,-0.29356918366131046,2000,llama3-8b,race
sentence_similarity,constant_kernel_control,624,278,0.5021832245186509,0.45656167796800723,0.5481894234360062,2000,-0.043988509830895625,-0.1148075022994744,0.025875051664462745,2000,0.002140725021170057,-0.08147617710647026,0.08588255899486147,2000,-0.04193350521894618,-0.05881868476742657,-0.02473633271761068,2000,0.9999999995607578,0.9999999995019947,0.9999999996153086,2000,llama3-8b,race
sentence_similarity,negative_output_length,624,278,0.37987586809165386,0.3384805588131641,0.42305253329097003,2000,-0.26352548262077063,-0.3512653222861788,-0.17520383115066454,2000,-0.17250447563290264,-0.2566376453566656,-0.09466591221105423,2000,0.0803738512080509,0.05593994292276923,0.10650896593279405,2000,0.6706671379763707,0.5924035288475252,0.7436841730352948,2000,llama3-8b,race
rouge_l,HIDE_score,624,287,0.4572110960617872,0.4080241370632985,0.5066179893791336,2000,-0.029951142994217136,-0.11072209152625707,0.05317139047297806,2000,0.005368158386516039,-0.07989870948374693,0.08832533884246037,2000,0.0,0.0,0.0,2000,1.0,0.9999999999999998,1.0000000000000002,2000,llama3-8b,race
rouge_l,Omega,624,287,0.42026902676826683,0.37685414659997496,0.4671414822803891,2000,-0.13351007825960892,-0.21813047844297626,-0.050672518608150606,2000,-0.07994194086166782,-0.1608343563794853,-0.0018290483778969084,2000,0.036942069293520396,-0.005162952468028027,0.0796157216048199,2000,0.4844187537112192,0.43645062637146753,0.5322140399945381,2000,llama3-8b,race
rouge_l,Delta_in,624,287,0.3651816085774253,0.32179199769400385,0.409673844413677,2000,-0.37424362047834725,-0.4377771490831553,-0.3070536238700808,2000,-0.27556065026586357,-0.34198069312335927,-0.20587063646090978,2000,0.0920294874843619,0.03503982784011066,0.14917143878084047,2000,0.14846483462031726,0.08395945014770405,0.21271697449068092,2000,llama3-8b,race
rouge_l,negative_Delta_in,624,287,0.6348183914225747,0.590326155586323,0.6782080023059961,2000,0.37424362047834725,0.30705362387008067,0.4377771490831553,2000,0.27556065026586357,0.20587063646090978,0.34198069312335927,2000,-0.17760729536078745,-0.24789012251697795,-0.10748135271594825,2000,-0.14846483462031726,-0.21271697449068105,-0.08395945014770408,2000,llama3-8b,race
rouge_l,negative_mnll,624,287,0.7016718535137874,0.6596406931380255,0.7412718099801197,2000,0.4586128142068688,0.3965392581273737,0.5159051271988143,2000,0.32464676462016034,0.2498394709389284,0.3945324697700794,2000,-0.24446075745200013,-0.3168043956424186,-0.17421159831431735,2000,-0.26447376082004026,-0.33643339530711935,-0.19699856787668468,2000,llama3-8b,race
rouge_l,negative_energy,624,287,0.7414365326357799,0.7013455826862888,0.7788290446369442,2000,0.5391300127197313,0.48037373670995187,0.5917866666187759,2000,0.4462273984919488,0.3852791092178706,0.5007374679223525,2000,-0.2842254365739927,-0.3596914173464932,-0.2080727913753342,2000,-0.34607572211924825,-0.3991593395246176,-0.29356918366131046,2000,llama3-8b,race
rouge_l,constant_kernel_control,624,287,0.5040529782152421,0.4579418828962553,0.5495686096896625,2000,-0.029944129666627614,-0.11071479605333517,0.0531776382660806,2000,0.005374941856602169,-0.07989290305273059,0.08833288137063819,2000,-0.04684188215345486,-0.06353798641101818,-0.03035685367492311,2000,0.9999999995607578,0.9999999995019947,0.9999999996153086,2000,llama3-8b,race
rouge_l,negative_output_length,624,287,0.3665722350313796,0.32453340395779856,0.40904817880018524,2000,-0.2201816566578802,-0.30514344544642447,-0.1367751241008162,2000,-0.19150273648513094,-0.27754431230359367,-0.1085460028114879,2000,0.09063886103040764,0.06418031198094533,0.1175644269343262,2000,0.6706671379763707,0.5924035288475252,0.7436841730352948,2000,llama3-8b,race
exact_match,HIDE_score,624,214,0.49819922498290403,0.4467543235460568,0.5491226414185082,2000,0.01569489028193039,-0.0720437282510906,0.10078458179015388,2000,0.01569489028193039,-0.0720437282510906,0.10078458179015388,2000,0.0,0.0,0.0,2000,1.0,0.9999999999999998,1.0000000000000002,2000,llama3-8b,race
exact_match,Omega,624,214,0.441269660360155,0.3952646941006364,0.4881997621082409,2000,-0.050318560156324924,-0.12617706451108435,0.02462674684560453,2000,-0.050318560156324924,-0.12617706451108435,0.02462674684560453,2000,0.05692956462274901,0.013786689482061626,0.10001542121290229,2000,0.4844187537112192,0.43645062637146753,0.5322140399945381,2000,llama3-8b,race
exact_match,Delta_in,624,214,0.3371210394346934,0.2975085917083082,0.37644498981356556,2000,-0.2805908871195108,-0.3392288319404938,-0.22120475602144798,2000,-0.2805908871195108,-0.3392288319404938,-0.22120475602144798,2000,0.16107818554821063,0.09833964700085206,0.2226027836501728,2000,0.14846483462031726,0.08395945014770405,0.21271697449068092,2000,llama3-8b,race
exact_match,negative_Delta_in,624,214,0.6628789605653066,0.6235550101864344,0.7024914082916918,2000,0.2805908871195108,0.22120475602144798,0.33922883194049375,2000,0.2805908871195108,0.22120475602144798,0.33922883194049375,2000,-0.16467973558240256,-0.23384075110477046,-0.09403680184638843,2000,-0.14846483462031726,-0.21271697449068105,-0.08395945014770408,2000,llama3-8b,race
exact_match,negative_mnll,624,214,0.8394916799635286,0.8077484744719206,0.8683195421423296,2000,0.5592992385436256,0.515554759545995,0.6026886534045967,2000,0.5592992385436256,0.515554759545995,0.6026886534045967,2000,-0.34129245498062455,-0.4119260390493127,-0.27036486350606914,2000,-0.26447376082004026,-0.33643339530711935,-0.19699856787668468,2000,llama3-8b,race
exact_match,negative_energy,624,214,0.7768748575336221,0.7411710043805959,0.8102569242964132,2000,0.4526742418219993,0.39958642511781634,0.5011449938410535,2000,0.4526742418219993,0.39958642511781634,0.5011449938410535,2000,-0.27867563255071803,-0.35577580144643023,-0.20144770925189553,2000,-0.34607572211924825,-0.3991593395246176,-0.29356918366131046,2000,llama3-8b,race
exact_match,constant_kernel_control,624,214,0.5098928652837931,0.459745535639571,0.5588023190045248,2000,0.015696535411870216,-0.07204365188637696,0.10078583455868968,2000,0.015696535411870216,-0.07204365188637696,0.10078583455868968,2000,-0.011693640300889041,-0.028075864122307167,0.0051299881899656815,2000,0.9999999995607578,0.9999999995019947,0.9999999996153086,2000,llama3-8b,race
exact_match,negative_output_length,624,214,0.47203669933895603,0.42959911792725775,0.5175093135455576,2000,-0.018326486027444702,-0.09211312587881969,0.05547966228047966,2000,-0.018326486027444702,-0.09211312587881969,0.05547966228047966,2000,0.026162525643947998,-0.0004845982709962586,0.05390230284208254,2000,0.6706671379763707,0.5924035288475252,0.7436841730352948,2000,llama3-8b,race
sentence_similarity,HIDE_score,4828,3431,0.5322047890856599,0.5145601906295068,0.5508652642306819,2000,0.040081513648859236,0.01356007994278781,0.06755781209627565,2000,0.05078031360271044,0.02344463161699843,0.07979262407768298,2000,0.0,0.0,0.0,2000,1.0000000000000002,0.9999999999999998,1.0000000000000002,2000,llama3-8b,triviaqa
sentence_similarity,Omega,4828,3431,0.5866378530669146,0.56881910965388,0.6051118108510679,2000,0.14365764624133334,0.11524912966878695,0.17409249090529072,2000,0.15648568408967287,0.12857889719390067,0.18556940668625035,2000,-0.05443306398125469,-0.07377198888134391,-0.03690627642477515,2000,0.475685856888577,0.4519107950718398,0.49732707319882646,2000,llama3-8b,triviaqa
sentence_similarity,Delta_in,4828,3431,0.6361886976443464,0.6186885894607327,0.6530904815955172,2000,0.21322661657239153,0.18711941103566437,0.2395831642720192,2000,0.2176591246754494,0.18928563812165924,0.24479605124411255,2000,-0.10398390855868644,-0.13017101384219015,-0.07706489500061818,2000,-0.17403536856884702,-0.20154000328494487,-0.14554932343015065,2000,llama3-8b,triviaqa
sentence_similarity,negative_Delta_in,4828,3431,0.3638113023556537,0.34690951840448275,0.38131141053926737,2000,-0.21322661657239153,-0.2395831642720192,-0.1871194110356644,2000,-0.2176591246754494,-0.24479605124411258,-0.18928563812165924,2000,0.16839348673000626,0.14666241293452595,0.19156636426485832,2000,0.17403536856884702,0.1455493234301506,0.20154000328494487,2000,llama3-8b,triviaqa
sentence_similarity,negative_mnll,4828,3431,0.7912113165844201,0.7772710683744547,0.8048875411707118,2000,0.5216319840085606,0.4973752589991655,0.5445411076302207,2000,0.4832865260425964,0.4603227382808978,0.5046379147712307,2000,-0.2590065274987602,-0.283454680602793,-0.23367968042959134,2000,-0.2110837820976415,-0.2367907725973699,-0.1856882891355368,2000,llama3-8b,triviaqa
sentence_similarity,negative_energy,4828,3431,0.6664919018081591,0.6493186309424079,0.6839000692640761,2000,0.31866566680415226,0.29056717841347557,0.3480928730729147,2000,0.278809880592869,0.25163805770520975,0.30643356999299265,2000,-0.13428711272249916,-0.16343753203319186,-0.1046931401951482,2000,-0.4545189430892289,-0.47718854279469936,-0.43134785595152236,2000,llama3-8b,triviaqa
sentence_similarity,constant_kernel_control,4828,3431,0.5308721461882657,0.5145523600995404,0.5483615748375372,2000,0.04008068258671624,0.013559037984358584,0.06755722315196072,2000,0.05078008932736382,0.023444203537069233,0.07979220747728598,2000,0.0013326428973942095,-0.005676872964734301,0.00816594747191983,2000,0.9999999997538987,0.9999999997401343,0.9999999997659377,2000,llama3-8b,triviaqa
sentence_similarity,negative_output_length,4828,3431,0.5329738100985436,0.5155692614626192,0.5502003192047282,2000,0.05228904127299655,0.023946940152830887,0.08084158286534623,2000,0.06149633139586243,0.03277517313174719,0.09037888884166229,2000,-0.000769021012883675,-0.010567917513014165,0.008590752231963568,2000,0.888092971522177,0.871971242070162,0.9037815758570472,2000,llama3-8b,triviaqa
rouge_l,HIDE_score,4828,3621,0.5390448838554991,0.5213145739595672,0.5568498436658649,2000,0.03634154973429433,0.010512275261797559,0.06323738540060711,2000,0.0479922505455146,0.02097163691653614,0.07546068536934177,2000,0.0,0.0,0.0,2000,1.0000000000000002,0.9999999999999998,1.0000000000000002,2000,llama3-8b,triviaqa
rouge_l,Omega,4828,3621,0.5708942153007392,0.5525000201928132,0.5894945977922055,2000,0.12185198898125446,0.09485539223708771,0.15025182938339787,2000,0.11084909681963842,0.0822818835665738,0.13953760645483668,2000,-0.03184933144524016,-0.05103532647015041,-0.01371839102724031,2000,0.475685856888577,0.4519107950718398,0.49732707319882646,2000,llama3-8b,triviaqa
rouge_l,Delta_in,4828,3621,0.602714603000494,0.5849164618230822,0.6208207189466394,2000,0.20662944056755086,0.17861510387857393,0.23434818814233346,2000,0.1612096974710617,0.1330521634136038,0.1900949905074276,2000,-0.06366971914499486,-0.09157848083381269,-0.03616225448352078,2000,-0.17403536856884702,-0.20154000328494487,-0.14554932343015065,2000,llama3-8b,triviaqa
rouge_l,negative_Delta_in,4828,3621,0.397285396999506,0.3791792810533606,0.4150835381769178,2000,-0.20662944056755086,-0.2343481881423335,-0.17861510387857393,2000,-0.1612096974710617,-0.1900949905074276,-0.1330521634136038,2000,0.1417594868559931,0.11870505843041583,0.16548853942413733,2000,0.17403536856884702,0.1455493234301506,0.20154000328494487,2000,llama3-8b,triviaqa
rouge_l,negative_mnll,4828,3621,0.7986114781513618,0.783308110969168,0.81269021399438,2000,0.5402273488466417,0.5173007233994751,0.5617071365803415,2000,0.49180824140929874,0.4678224986120596,0.5144359348487507,2000,-0.2595665942958627,-0.2839383919448593,-0.233035379564666,2000,-0.2110837820976415,-0.2367907725973699,-0.1856882891355368,2000,llama3-8b,triviaqa
rouge_l,negative_energy,4828,3621,0.6650037169260506,0.6466301066241075,0.6827504500240128,2000,0.3045766953743474,0.2775006244639793,0.3306486763056549,2000,0.269737863136308,0.24186079983729253,0.29594429126965727,2000,-0.12595883307055156,-0.15406886982287293,-0.09633454654951061,2000,-0.4545189430892289,-0.47718854279469936,-0.43134785595152236,2000,llama3-8b,triviaqa
rouge_l,constant_kernel_control,4828,3621,0.5316227007740678,0.5152194386777392,0.5488454606749394,2000,0.03634097749979471,0.010511218438901685,0.06323681361927223,2000,0.04799153882079878,0.02097142920225061,0.07546007120843969,2000,0.007422183081431277,0.0003730053137937672,0.014804499848658833,2000,0.9999999997538987,0.9999999997401343,0.9999999997659377,2000,llama3-8b,triviaqa
rouge_l,negative_output_length,4828,3621,0.5223056747816692,0.5052912013108937,0.5404754074712526,2000,0.03423435090980309,0.007665596504330088,0.062343481767415054,2000,0.040493468943210216,0.011767066754039492,0.06969799375387174,2000,0.016739209073829864,0.007388204738910132,0.025979179456338413,2000,0.888092971522177,0.871971242070162,0.9037815758570472,2000,llama3-8b,triviaqa
exact_match,HIDE_score,4828,3215,0.5471073384119504,0.530010027354564,0.564997036964079,2000,0.07737653613510402,0.05031813130300998,0.10586172945279236,2000,0.07737653613510402,0.05031813130300998,0.10586172945279236,2000,0.0,0.0,0.0,2000,1.0000000000000002,0.9999999999999998,1.0000000000000002,2000,llama3-8b,triviaqa
exact_match,Omega,4828,3215,0.617492592746146,0.6009918216811151,0.6349796065708085,2000,0.21535533710356783,0.1881290975452378,0.24337124678215666,2000,0.21535533710356783,0.1881290975452378,0.24337124678215666,2000,-0.07038525433419562,-0.08869176689871075,-0.05354378204596085,2000,0.475685856888577,0.4519107950718398,0.49732707319882646,2000,llama3-8b,triviaqa
exact_match,Delta_in,4828,3215,0.6159114465573745,0.5993486888740047,0.6321639812464248,2000,0.19697583291063653,0.1697979683361429,0.2244347488863641,2000,0.19697583291063653,0.1697979683361429,0.2244347488863641,2000,-0.06880410814542415,-0.09508905639034965,-0.043223912892869636,2000,-0.17403536856884702,-0.20154000328494487,-0.14554932343015065,2000,llama3-8b,triviaqa
exact_match,negative_Delta_in,4828,3215,0.3840885534426255,0.36783601875357513,0.4006513111259952,2000,-0.19697583291063653,-0.2244347488863641,-0.1697979683361429,2000,-0.19697583291063653,-0.2244347488863641,-0.1697979683361429,2000,0.16301878496932487,0.14151141367839828,0.1838912477220025,2000,0.17403536856884702,0.1455493234301506,0.20154000328494487,2000,llama3-8b,triviaqa
exact_match,negative_mnll,4828,3215,0.7695125819666995,0.7549506301408201,0.7829676383000003,2000,0.4549819014901114,0.4321798172993937,0.47636655416752677,2000,0.4549819014901114,0.4321798172993937,0.47636655416752677,2000,-0.2224052435547491,-0.24611926815465074,-0.19781012773544984,2000,-0.2110837820976415,-0.2367907725973699,-0.1856882891355368,2000,llama3-8b,triviaqa
exact_match,negative_energy,4828,3215,0.6280789155761074,0.6106073123845919,0.6447204486420947,2000,0.22289501877158396,0.19463160589417408,0.2496118883515831,2000,0.22289501877158396,0.19463160589417408,0.2496118883515831,2000,-0.08097157716415704,-0.10924133260478266,-0.05257949933708295,2000,-0.4545189430892289,-0.47718854279469936,-0.43134785595152236,2000,llama3-8b,triviaqa
exact_match,constant_kernel_control,4828,3215,0.5444807401758072,0.5288713849632743,0.5603245765087942,2000,0.07737627401422287,0.05031721418958925,0.10586108248265261,2000,0.07737627401422287,0.05031721418958925,0.10586108248265261,2000,0.002626598236143196,-0.003822195000975706,0.009414744410839735,2000,0.9999999997538987,0.9999999997401343,0.9999999997659377,2000,llama3-8b,triviaqa
exact_match,negative_output_length,4828,3215,0.5572817668264943,0.5408339908213133,0.5731778664419331,2000,0.11249835813564261,0.08329696242989437,0.14086796128261428,2000,0.11249835813564261,0.08329696242989437,0.14086796128261428,2000,-0.010174428414543968,-0.02000649650749197,-0.0010166746144379848,2000,0.888092971522177,0.871971242070162,0.9037815758570472,2000,llama3-8b,triviaqa
